,STORE_ID,STORE_NAME,Location,Coordinates,Latitude,Longitude
0,721,Fort Hood Stan Schlueter H-E-B,1101 W. STAN SCHLUETER LOOP KILLEEN TX,"1101 W Stan Schlueter Loop, Killeen, Texas, 76549",31.078270796445118,-97.75880364059222
1,696,Hutto H-E-B plus!,5000 GATTIS SCHOOL RD HUTTO TX,"5000 Gattis School Rd, Hutto, Texas, 78634",30.50251200000001,-97.583274
2,724,Aliana Market H-E-B,10161 W GRAND PARKWAY S RICHMOND TX,"10161 W Grand Pkwy S, Richmond, Texas, 77407",29.659256999999997,-95.71343399999999
3,694,New Braunfels 3 H-E-B plus!,2965 IH35 NORTH NEW BRAUNFELS TX,"2965 N Interstate 35, New Braunfels, Texas, 78130",29.73187800000001,-98.07755399999999
4,742,Baytown H-E-B,6430 GARTH ROAD BAYTOWN TX,"6430 Garth Rd, Baytown, Texas, 77521",29.796200296874122,-94.98059457185695
5,725,Champion Forest Market H-E-B,20311 CHAMPION FOREST DRIVE SPRING TX,"Champion Forest Dr, Spring, Texas, 77379",30.0565423643405,-95.57625231912066
6,728,Huntsville H-E-B,1702 11TH ST. HUNTSVILLE TX,"1702 11th St, Huntsville, Texas, 77340",30.720645431245803,-95.56093281710343
7,733,Alamo Ranch H-E-B,12125 ALAMO RANCH PKWY SAN ANTONIO TX,"12125 Alamo Ranch Pkwy, San Antonio, Texas, 78253",29.48459682015875,-98.73470440790476
8,585,Austin Highway H-E-B,1520 AUSTIN HWY SAN ANTONIO TX,"1520 Austin Hwy, San Antonio, Texas, 78218",29.493243000000007,-98.43131699999999
9,709,H-E-B Market at Tuckerton,9722 FRY ROAD CYPRESS TX,"9722 Fry Rd, Cypress, Texas, 77433",29.92656029569857,-95.72815470430143
10,25,Floresville H-E-B,925 10TH STREET FLORESVILLE TX,"925 10th St, Floresville, Texas, 78114",29.144016000000008,-98.1564255
11,380,New Braunfels H-E-B at Walnut,651 S. WALNUT NEW BRAUNFELS TX,"651 S Walnut Ave, New Braunfels, Texas, 78130",29.688624000000004,-98.1255555
12,555,Kitty Hawk H-E-B,910 KITTY HAWK ROAD UNIVERSAL CITY TX,"910 Kitty Hawk Rd, Universal City, Texas, 78148",29.547841959029377,-98.31287496794484
13,621,Boerne H-E-B plus!,420 WEST BANDERA ROAD BOERNE TX,"420 W Bandera Rd, Boerne, Texas, 78006",29.780543495527006,-98.73416152553523
14,397,281 and 1604 H-E-B,18140 SAN PEDRO SAN ANTONIO TX,"18140 San Pedro Ave, San Antonio, Texas, 78232",29.60689500000001,-98.466957
15,679,Cleburne H-E-B,600 W HENDERSON CLEBURNE TX,"600 W Henderson St, Cleburne, Texas, 76033",32.34621862810881,-97.39340445712386
16,697,League City H-E-B,2755 E.LEAGUE CITY PARKWAY LEAGUE CITY TX,"2755 E League City Pkwy, League City, Texas, 77573",29.504492999999997,-95.040846
17,631,Granbury H-E-B,3804 US HWY 377 GRANBURY TX,"3804 US-377, Granbury, Texas, 76049",32.45619575113905,-97.72847568215076
18,26,McCreless Market H-E-B plus!,4100 SOUTH NEW BRAUNFELS SAN ANTONIO TX,"4100 S New Braunfels Ave, San Antonio, Texas, 78223",29.379816000000005,-98.457948
19,596,Grand Parkway H-E-B plus!,6711 SOUTH FRY ROAD KATY TX,"6711 S Fry Rd, Katy, Texas, 77494",29.714484837324942,-95.77514894269714
20,659,Lakeline H-E-B plus!,14028 NORTH US 183 AUSTIN TX,"14028 N Highway 183, Austin, Texas, 78717",30.47681441976414,-97.8013941443476
21,673,University Blvd H-E-B,250 UNIVERSITY BLVD. ROUND ROCK TX,"250 University Blvd, Round Rock, Texas, 78665",30.561192000000005,-97.6882545
22,698,Grant and Spring Cypress H-E-B,14100 SPRING CYPRESS RD CYPRESS TX,"14100 Spring-Cypress Rd, Cypress, Texas, 77429",30.00293081720016,-95.63744896066633
23,711,University Blvd. H-E-B,2501 W UNIVERSITY BLVD ODESSA TX,"2501 W University Blvd, Odessa, Texas, 79764",31.860827999999998,-102.4111665
24,716,Seguin H-E-B,1340 E COURT ST SEGUIN TX,"1340 E Court St, Seguin, Texas, 78155",29.570814,-97.944813
25,717,Midland Loop 250 H-E-B,5407 ANDREWS HIGHWAY MIDLAND TX,"5407 Andrews Hwy, Midland, Texas, 79706",31.995666,-102.155508
26,74,New Braunfels H-E-B at Hwy 46,1655 W STATE HIGHWAY 46 NEW BRAUNFELS TX,"1655 W State Highway 46, New Braunfels, Texas, 78132",29.71296000000001,-98.160453
27,85,Potranco and 1604 H-E-B plus!,10718 POTRANCO ROAD SAN ANTONIO TX,"10718 Potranco Rd, San Antonio, Texas, 78251",29.435649487767257,-98.70359189938831
28,89,Kerrville H-E-B on Main Street,300 MAIN KERRVILLE TX,"300 Main St, Kerrville, Texas, 78028",30.050885542645002,-99.14446927194334
29,387,42nd St. H-E-B,3801 E 42ND ODESSA TX,"3801 E 42nd St, Odessa, Texas, 79762",31.891113000000004,-102.350898
30,202,Burnet Rd H-E-B,5808 BURNET RD AUSTIN TX,"5808 Burnet Rd, Austin, Texas, 78756",30.334257000000008,-97.74108
31,227,Slaughter and Manchaca H-E-B,2110 WEST SLAUGHTER LN AUSTIN TX,"2110 W Slaughter Ln, Austin, Texas, 78748",30.175425000000004,-97.825644
32,236,Wells Branch H-E-B,1434 WELLS BRANCH PKWY PFLUGERVILLE TX,"1434 W Wells Branch Pkwy, Pflugerville, Texas, 78660",30.44268000000001,-97.66420649999999
33,237,Georgetown H-E-B,1100 SOUTH IH35 GEORGETOWN TX,"1100 S I-35, Georgetown, Texas, 78628",30.63473291646943,-97.69167566558924
34,477,Buda H-E-B,15300 S IH-35 BUDA TX,"15300 S Interstate 35, Buda, Texas, 78610",30.087765000000005,-97.8214095
35,591,Round Rock H-E-B plus!,1700 EAST PALM VALLEY BLVD ROUND ROCK TX,"1700 E Palm Valley Blvd, Round Rock, Texas, 78664",30.51763385250054,-97.65840215753917
36,611,Dripping Springs H-E-B,598 E.HWY US 290 DRIPPING SPRINGS TX,"598 US-290, Dripping Springs, Texas, 78620",30.19157524554045,-98.07760077624155
37,476,Tech Ridge H-E-B,500 CANYON RIDGE DR. AUSTIN TX,"500 Canyon Ridge Dr, Austin, Texas, 78753",30.40526700000001,-97.671888
38,495,Louis Henna Blvd H-E-B,603 LOUIS HENNA BLVD. BLDG A ROUND ROCK TX,"603 Louis Henna Blvd, Round Rock, Texas, 78664",30.482647964452806,-97.65894497362805
39,398,Thousand Oaks H-E-B,2929 THOUSAND OAKS SAN ANTONIO TX,"2929 Thousand Oaks Dr, San Antonio, Texas, 78247",29.576589619510465,-98.44051431952266
40,463,Loop 1604 and Blanco Rd H-E-B plus!,1150 NW LOOP 1604 SAN ANTONIO TX,"1150 S Loop 1604 E, San Antonio, Texas, 78264",29.219770871429173,-98.48002419238617
41,580,Parmer and Whitestone H-E-B,2800 EAST WHITESTONE CEDAR PARK TX,"2800 E Whitestone Blvd, Cedar Park, Texas, 78613",30.534337555312305,-97.78330915456766
42,618,Babcock H-E-B,5910 BABCOCK RD SAN ANTONIO TX,"5910 Babcock Rd, San Antonio, Texas, 78240",29.527571833689596,-98.60181689442439
43,687,San Felipe H-E-B,5895 SAN FELIPE STREET HOUSTON TX,"5895 San Felipe St, Houston, Texas, 77057",29.748186000000004,-95.485167
44,705,Spring Creek Market H-E-B,3540 RAYFORD RD SPRING TX,"3540 Rayford Rd, Spring, Texas, 77386",30.107691000000003,-95.387706
45,708,Wimberley H-E-B,14501 RR12 WIMBERLEY TX,"14501 RR-12, Wimberley, Texas, 78676",30.002305915664554,-98.10197165169639
46,713,Clear Lake Marketplace,3501 CLEAR LAKE CITY BLVD HOUSTON TX,"3501 Clear Lake City Blvd, Houston, Texas, 77059",29.605806,-95.127237
47,16,Burleson H-E-B plus!,165 N.W.JOHN JONES DR. BURLESON TX,"165 NW John Jones Dr, Burleson, Texas, 76028",32.52142020244807,-97.34948016415565
48,102,Alon Market H-E-B,8503 NW MILITARY HWY SAN ANTONIO TX,"8503 NW Military Hwy, San Antonio, Texas, 78231",29.553346323302247,-98.53323860874774
49,108,281 and Evans Road H-E-B plus!,20935 US HIGHWAY 281 NORTH SAN ANTONIO TX,"20935 US Highway 281 N, San Antonio, Texas, 78258",29.641104,-98.457381
50,230,Nacogdoches and O'Connor H-E-B,14087 OCONNOR RD SAN ANTONIO TX,"14087 Oconnor Rd, San Antonio, Texas, 78247",29.570323497605415,-98.38607429897819
51,262,Marketplace H-E-B,5601 BANDERA ROAD SAN ANTONIO TX,"5601 Bandera Rd, San Antonio, Texas, 78238",29.482398000000003,-98.59449599999999
52,385,Olmos Park H-E-B,300 OLMOS DRIVE SAN ANTONIO TX,"300 W Olmos Dr, San Antonio, Texas, 78212",29.47005,-98.4962565
53,395,De Zavala H-E-B,12777 IH 10 WEST SAN ANTONIO TX,"12777 W Interstate 10, San Antonio, Texas, 78230",29.562021,-98.5880475
54,411,Pleasanton H-E-B,219 W OAKLAWN PLEASANTON TX,"219 W Oaklawn, Pleasanton, Texas, 78064",28.95708049725964,-98.48528902553522
55,494,Culebra and 1604 H-E-B,10660 WEST FM 471 SAN ANTONIO TX,"10660 FM-471, San Antonio, Texas, 78251",29.492989468510665,-98.70206952841815
56,561,Fredericksburg H-E-B,407 SOUTH ADAMS FREDERICKSBURG TX,"407 S Adams St, Fredericksburg, Texas, 78624",30.27096203274859,-98.87604963765945
57,566,Leon Springs H-E-B,"24165 I-H 10 WEST, SUITE 300 SAN ANTONIO TX","10 West Dr, San Antonio, Texas, 78201",29.453402890152276,-98.51887545902169
58,589,Mid County H-E-B,4800 B HWY 365 PORT ARTHUR TX,"4800 Highway 365, Port Arthur, Texas, 77642",29.96426369654976,-93.97592236987198
59,269,North Hills H-E-B,10710 RESEARCH BLVD. STE 200 AUSTIN TX,"10710 Research Blvd, Ste 200, Austin, Texas, 78759",30.39853500000001,-97.7483565
60,381,Harker Heights H-E-B,601 INDIAN TRAIL HARKER HEIGHTS TX,"601 Indian Trl, Harker Heights, Texas, 76548",31.07802339941698,-97.65504135227127
61,567,Lincoln Heights Market H-E-B,999 EAST BASSE ROAD SAN ANTONIO TX,"999 E Basse Rd, San Antonio, Texas, 78209",29.498255999999998,-98.468919
62,686,Creekside Park H-E-B,26500 KUYKENDAHL RD TOMBALL TX,"26500 Kuykendahl Rd, Tomball, Texas, 77375",30.14360293242828,-95.5487530861864
63,707,Lake Jackson H-E-B,97 OYSTER CREEK DRIV LAKE JACKSON TX,"97 Oyster Creek Dr, Lake Jackson, Texas, 77566",29.04421585429946,-95.44708162252887
64,714,Lakeway H-E-B,2000 RANCH ROAD 620 S LAKEWAY TX,"2000 Ranch Road 620 S, Austin, Texas, 78734",30.344706000000002,-97.968186
65,715,Deer Park H-E-B,4701 EAST BLVD DEER PARK TX,"4701 East Blvd, La Porte, Texas, 77571",29.667506933100398,-95.09804729311703
66,19,Lytle H-E-B plus!,19337 MCDONALD STREET LYTLE TX,"19337 McDonald St, Lytle, Texas, 78052",29.232719108039493,-98.78941532931213
67,444,Military and Goliad H-E-B,3323 SE MILITARY DR. SAN ANTONIO TX,"3323 SE Military Dr, San Antonio, Texas, 78223",29.354039999999998,-98.43363
68,612,La Vernia H-E-B,14414 US HWY 87 WEST LA VERNIA TX,"14414 US Highway 87 W, La Vernia, Texas, 78121",29.357588522649692,-98.13689841820205
69,613,Marbach and 410 H-E-B plus!,8219 MARBACH SAN ANTONIO TX,"8219 Marbach Rd, San Antonio, Texas, 78227",29.420100000000005,-98.652627
70,622,Bulverde H-E-B plus!,20725 HWY 46 SPRING BRANCH TX,"20725 TX-46, Spring Branch, Texas, 78070",29.79864719715554,-98.43026470420563
71,623,Bandera and 1604 H-E-B plus!,9238 N.LOOP 1604 WEST SAN ANTONIO TX,"9238 N Loop 1604 W, San Antonio, Texas, 78249",29.55679771705826,-98.66267525918501
72,658,The Market at Stone Oak,23635 WILDERNESS OAK SAN ANTONIO TX,"23635 Wilderness Oak, San Antonio, Texas, 78258",29.662023862109425,-98.49958122473844
73,678,Valley Hi H-E-B,368 VALLEY HI DRIVE SAN ANTONIO TX,"368 Valley Hi Dr, San Antonio, Texas, 78227",29.381185764784032,-98.63972786618865
74,51,Big Spring H-E-B,2000 SOUTH GREGG BIG SPRING TX,"2000 S Gregg St, Big Spring, Texas, 79720",32.23510478711987,-101.4720726416988
75,70,Abilene H-E-B,1345 BARROW ABILENE TX,"1345 Barrow St, Abilene, Texas, 79605",32.43335601165677,-99.75944167886213
76,382,Midland H-E-B,3325 WEST WADLEY MIDLAND TX,"3325 W Wadley Ave, Midland, Texas, 79707",32.017959000000005,-102.126132
77,6,Stephenville H-E-B,2150 W. WASHINGTON STEPHENVILLE TX,"2150 W Washington St, Stephenville, Texas, 76401",32.20949369545324,-98.22602834549058
78,14,Kyle H-E-B plus!,5401 SOUTH FM 1626 KYLE TX,"5401 S FM 1626, Kyle, Texas, 78640",30.014483258408283,-97.86335853621752
79,29,Westlake H-E-B,701 CAPITOL OF TEXAS HWY-BLD C WEST LAKE HILLS TX,"701 S Capital of Texas Hwy, Bldg C, Austin, Texas, 78746",30.29300188037397,-97.82812306694039
80,39,Belton H-E-B plus!,2509 NORTH MAIN STREET BELTON TX,"2509 N Main St, Belton, Texas, 76513",31.08011178824506,-97.45751709971857
81,45,South Congress H-E-B,2400 S. CONGRESS AUSTIN TX,"2400 S Congress Ave, Austin, Texas, 78704",30.238605000000007,-97.755129
82,68,Slaughter and Escarpment H-E-B,5800 W. SLAUGHTER LANE AUSTIN TX,"5800 W Slaughter Ln, Austin, Texas, 78749",30.202596,-97.876746
83,91,Riverside H-E-B plus!,2508 EAST RIVERSIDE DRIVE AUSTIN TX,"2508 E Riverside Dr, Austin, Texas, 78741",30.23658900000001,-97.7221215
84,96,Far West H-E-B,7015 VILLAGE CTR DR. AUSTIN TX,"7015 Village Center Dr, Austin, Texas, 78731",30.352471611339396,-97.75629932087404
85,107,Ennis H-E-B,101 S. CLAY ST ENNIS TX,"101 S Clay St, Ennis, Texas, 75119",32.32419300000001,-96.633495
86,182,Market Place H-E-B,3002 S 31TH ST TEMPLE TX,"3002 S 31st St, Temple, Texas, 76502",31.071570418864027,-97.36871970249183
87,487,Williams Drive H-E-B,4500 FM 2338 GEORGETOWN TX,"4500 Ranch Road 2338, Georgetown, Texas, 78633",30.682910382148105,-97.71789052170664
88,592,Leander H-E-B plus!,651 N. US HWY 183 LEANDER TX,"651 N US 183, Leander, Texas, 78641",30.584187,-97.857648
89,92,Victoria H-E-B plus!,6106 N. NAVARRO 6106 N. NAVA VICTORIA TX,"6106 N Navarro St, Victoria, Texas, 77904",28.85170500000001,-96.994953
90,426,Waxahachie H-E-B,800 HWY 77 WAXAHACHIE TX,"800 US-77, Waxahachie, Texas, 75165",32.39486296141573,-96.84616853078224
91,582,Bastrop H-E-B plus!,104 HASLER BLVD BASTROP TX,"104 N Hasler Blvd, Bastrop, Texas, 78602",30.110166000000007,-97.334334
92,639,Mueller H-E-B,1801 E.51ST STREET AUSTIN TX,"1801 E 51st St, Austin, Texas, 78723",30.300939,-97.6985145
93,243,San Marcos 1 H-E-B,641 EAST HOPKINS STREET SAN MARCOS TX,"641 E Hopkins St, San Marcos, Texas, 78666",29.887101,-97.9263225
94,388,Parmer and McNeil H-E-B,6001 WEST PARMER LANE AUSTIN TX,"6001 W Parmer Ln, Austin, Texas, 78727",30.441940191182724,-97.74150422851801
95,428,Brodie Lane H-E-B,6900 BRODIE LANE AUSTIN TX,"6900 Brodie Ln, Austin, Texas, 78745",30.215404408072633,-97.8294994883423
96,465,7th Street H-E-B,2701 EAST 7TH AUSTIN TX,"2701 E 7th St, Austin, Texas, 78702",30.259089000000003,-97.711551
97,475,Elgin H-E-B,1080 EAST HWY 290 ELGIN TX,"1080 US-290 E, Elgin, Texas, 78621",30.306621138368808,-97.29977223647752
98,479,Pflugerville H-E-B,201 FM 685 PFLUGERVILLE TX,"201 FM 685, Pflugerville, Texas, 78660",30.438619149547346,-97.61255476302787
99,593,Taylor H-E-B,100 N.W.CARLOS G.PARKER BL#101 TAYLOR TX,"100 Carlos G Parker Blvd NW, Ste 101, Taylor, Texas, 76574",30.602439000000004,-97.4190735
100,238,Corsicana H-E-B,201 S. 15TH STREET CORSICANA TX,"201 S 15th St, Corsicana, Texas, 75110",32.08975553765333,-96.46818395022856
101,425,Hancock Center H-E-B,1000 EAST 41 ST. AUSTIN TX,"1000 E 41st St, Austin, Texas, 78751",30.300461999999996,-97.7196465
102,581,Killeen 3 H-E-B plus!,"2511 TRIMMIER RD, SUITE 100 KILLEEN TX","2511 Trimmier Rd, Ste 100, Killeen, Texas, 76542",31.09116920073243,-97.73371034300722
103,668,Copperas Cove H-E-B plus!,2990 EAST HWY 190 COPPERAS COVE TX,"2990 E Highway 190, Copperas Cove, Texas, 76522",31.12076994258702,-97.8658266532784
104,57,Flour Bluff H-E-B plus!,1145 WALDRON ROAD CORPUS CHRISTI TX,"1145 Waldron Rd, Corpus Christi, Texas, 78418",27.665036999999998,-97.2807885
105,223,Alice H-E-B,1115 E. MAIN ALICE TX,"1115 E Main St, Alice, Texas, 78332",27.751336648075455,-98.06402676908647
106,544,Tejas Center H-E-B,725 E VILLA MARIA RD STE 1300 BRYAN TX,"725 E Villa Maria Rd, Ste 1300, Bryan, Texas, 77802",30.645578481707737,-96.35107837125695
107,579,Woodlands Market H-E-B,9595 SIX PINES RD THE WOODLANDS TX,"9595 Six Pines Rd, Spring, Texas, 77380",30.16430526937175,-95.4611961134756
108,418,Avenue F and Gibbs H-E-B,200 VETERAN'S BLVD DEL RIO TX,"200 Veterans Blvd, Del Rio, Texas, 78840",29.36612859146508,-100.89815809726387
109,110,Sienna Market H-E-B,8900 HWY 6 MISSOURI CITY TX,"8900 Highway 6, Missouri City, Texas, 77459",29.536901999999998,-95.536701
110,551,Westheimer and Kirkwood H-E-B,11815 WESTHEIMER HOUSTON TX,"11815 Westheimer Rd, Houston, Texas, 77077",29.735127000000006,-95.5873035
111,630,Montrose Market H-E-B,1701 WEST ALABAMA ST HOUSTON TX,"1701 W Alabama St, Houston, Texas, 77098",29.738616112355356,-95.4026965320561
112,401,Kingsville H-E-B,409 E. KLEBERG KINGSVILLE TX,"409 E Kleberg Ave, Kingsville, Texas, 78363",27.5166415461657,-97.86333133236194
113,441,Uvalde H-E-B,201 EAST MAIN UVALDE TX,"201 E Main St, Uvalde, Texas, 78801",29.210363482024857,-99.78360052980572
114,543,Texas Avenue H-E-B,1900 TEXAS AVENUE SOUTH COLLEGE STATION TX,"1900 Texas Ave S, College Station, Texas, 77840",30.61263600000001,-96.3184995
115,578,Kingwood H-E-B,4304 KINGWOOD DRIVE KINGWOOD TX,"4304 Kingwood Dr, Kingwood, Texas, 77339",30.049056574925448,-95.18664389783856
116,48,Beaumont 5 H-E-B plus!,3025 NORTH DOWLEN ROAD BEAUMONT TX,"3025 Dowlen Rd, Beaumont, Texas, 77706",30.106268999999998,-94.170438
117,660,Conroe Market H-E-B,3875 W.DAVIS ST. CONROE TX,"3875 W Davis St, Conroe, Texas, 77304",30.325815000000006,-95.50017
118,562,Rockport H-E-B,1409 HWY 35 NORTH BUSINESS ROCKPORT TX,"1409 Highway 35 N, Rockport, Texas, 78382",28.038080535190517,-97.04254829569857
119,414,Brenham H-E-B,2508 S. DAY ST. BRENHAM TX,"2508 S Day St, Brenham, Texas, 77833",30.143981832116665,-96.39623453145764
120,558,Friendswood H-E-B,701 WEST PARKWOOD FRIENDSWOOD TX,"701 W Parkwood Ave, Friendswood, Texas, 77546",29.506255937475277,-95.19164065479879
121,594,Indian Springs H-E-B,10777 KUYKENDAHL ROAD THE WOODLANDS TX,"10777 Kuykendahl Rd, Spring, Texas, 77382",30.177637036055568,-95.53651310193507
122,449,McPherson Rd H-E-B,7811 MCPHERSON RD. LAREDO TX,"7811 McPherson Rd, Laredo, Texas, 78045",27.576341999999997,-99.4716765
123,423,Wooded Acres H-E-B,1301 WOODED ACRES WACO TX,"1301 Wooded Acres Dr, Waco, Texas, 76710",31.53281761339362,-97.18932881499236
124,557,35 and 84 H-E-B plus!,801 NORTH I-H 35 BELLMEAD TX,"801 N Interstate 35, Waco, Texas, 76705",31.58686805210947,-97.10913858881884
125,488,Portland H-E-B,1600 WILDCAT DRIVE PORTLAND TX,"1600 Wildcat Dr, Portland, Texas, 78374",27.887094000000005,-97.3190389384858
126,168,Morgan and Grimes H-E-B,1103 MORGAN BLVD HARLINGEN TX,"1103 Morgan Blvd, Harlingen, Texas, 78550",26.203108030844003,-97.67639608332809
127,590,10th and Trenton H-E-B,901 TRENTON RD MCALLEN TX,"901 Trenton Rd, Mcallen, Texas, 78504",26.266256999999996,-98.218332
128,28,Bay Colony H-E-B,2955 SOUTH GULF FREEWAY LEAGUE CITY TX,"2955 Gulf Fwy S, League City, Texas, 77573",29.466234,-95.0944185
129,638,North Woodlands Market H-E-B,3601 FM 1488 THE WOODLANDS TX,"3601 FM-1488, Conroe, Texas, 77384",30.228323772275694,-95.51798646325685
130,431,Edinburg H-E-B,2700 W FREDDY GONZALES EDINBURG TX,"2700 W Freddy Gonzalez Dr, Edinburg, Texas, 78539",26.289378,-98.19585
131,583,Woodway H-E-B plus!,9100 WOODWAY DRIVE WOODWAY TX,"9100 Woodway Dr, Woodway, Texas, 76712",31.495068000000003,-97.2219285
132,610,Spring Market H-E-B,2121 FM 2920 SPRING TX,"2121 FM-2920, Spring, Texas, 77388",30.070282762157696,-95.44892634705202
133,627,Sugar Land Market H-E-B,530 HWY 6 SUGAR LAND TX,"530 Highway 6, Sugar Land, Texas, 77478",29.608083000000008,-95.6459745
134,413,Alameda / Texan Trail (Medical District),3133 S. ALAMEDA CORPUS CHRISTI TX,"3133 S Alameda St, Corpus Christi, Texas, 78404",27.757553577529304,-97.3905344404172
135,63,Pearland H-E-B plus!,2805 BUSINESS CENTER DRIVE PEARLAND TX,"2805 Business Center Dr, Pearland, Texas, 77584",29.559267000000006,-95.390433
136,473,Fairmont Pkwy H-E-B,6210 FAIRMONT PKWY PASADENA TX,"6210 Fairmont Pkwy, Pasadena, Texas, 77505",29.649694542530362,-95.14469609908247
137,474,Lake Colony H-E-B,4724 HWY 6 MISSOURI CITY TX,"4724 Highway 6, Missouri City, Texas, 77459",29.578590000000005,-95.58263699999999
138,564,Woodlands 1 H-E-B,130 SAWDUST ROAD SPRING TX,"130 Sawdust Rd, Spring, Texas, 77380",30.127626000000006,-95.445729
139,656,Fairfield Market H-E-B,28550 US- 290 CYPRESS TX,"28550 US-290, Cypress, Texas, 77433",29.990612358704286,-95.74595242691504
140,210,Alameda and Robert H-E-B,4320 S. ALAMEDA ST. CORPUS CHRISTI TX,"4320 S Alameda St, Corpus Christi, Texas, 78412",27.72955787070777,-97.37150221227455
141,412,Beeville H-E-B,100 EAST HOUSTON ST. BEEVILLE TX,"100 E Houston St, Beeville, Texas, 78102",28.401138000000003,-97.7475555
142,94,Mission H-E-B plus!,2409 EAST EXPRESSWAY 83 MISSION TX,"2409 E Expressway 83, Mission, Texas, 78572",26.19619150656586,-98.28768684484177
143,95,Laredo H-E-B plus!,1911 NE BOB BULLOCK LOOP LAREDO TX,"1911 NE Bob Bullock Loop, Laredo, Texas, 78045",27.607445999999996,-99.47394
144,720,Kingwood Market H-E-B,4517 KINGWOOD DRIVE KINGWOOD TX,"4517 Kingwood Dr, Kingwood, Texas, 77345",30.053918741243567,-95.18372674646542
145,489,Boca Chica H-E-B,2250 BOCA CHICA BROWNSVILLE TX,"2250 Boca Chica Blvd, Brownsville, Texas, 78521",25.92212853938596,-97.48847008924338
146,672,Valley Mills H-E-B plus!,1821 SOUTH VALLEY MILLS DR. WACO TX,"1821 S Valley Mills Dr, Waco, Texas, 76711",31.52451866331024,-97.1368627574297
147,292,Bay City H-E-B,2700 SEVENTH BAY CITY TX,"2700 7th St, Bay City, Texas, 77414",28.98327650620375,-95.95801911073923
148,498,Atascocita H-E-B,7405 FM 1960 EAST HUMBLE TX,"7405 FM-1960 E, Humble, Texas, 77346",29.998326158214045,-95.16441465821404
149,615,Katy Market H-E-B,25675 NELSON WAY KATY TX,"25675 Nelson Way, Katy, Texas, 77494",29.773521000000002,-95.8224195
150,619,Tower Point Market H-E-B,949 WILLIAM D.FITCH PARKWAY COLLEGE STATION TX,"949 William D Fitch Pkwy, College Station, Texas, 77845",30.55896,-96.260859
151,675,Pearland Market,2710 PEARLAND PARKWAY PEARLAND TX,"2710 Pearland Pkwy, Pearland, Texas, 77581",29.55819600000001,-95.26500899999999
152,446,Paredes and Torres H-E-B plus!,2155 PAREDES LINE RD BROWNSVILLE TX,"2155 Paredes Line Rd, Brownsville, Texas, 78521",25.94985778686007,-97.48710928103074
153,642,Pharr H-E-B plus!,1300 SOUTH CAGE BLVD. PHARR TX,"1300 S Cage Blvd, Pharr, Texas, 78577",26.179038000000006,-98.1894915
154,54,Blackhawk H-E-B,9828 BLACKHAWK BLVD. HOUSTON TX,"9828 Blackhawk Blvd, Houston, Texas, 77075",29.601782999999998,-95.25014999999999
155,492,Fry Rd and I10 H-E-B,1550 FRY RD HOUSTON TX,"1550 Fry Rd, Houston, Texas, 77084",29.789307000000008,-95.716746
156,574,Tomball H-E-B,28520 TOMBALL PARKWAY TOMBALL TX,"28520 Tomball Pkwy, Tomball, Texas, 77375",30.0881176223421,-95.63199846861036
157,599,Buffalo Speedway H-E-B,5225 A  BUFFALO SPEEDWAY HOUSTON TX,"5225 Buffalo Speedway, Houston, Texas, 77005",29.72699410010078,-95.42776773509935
158,614,Summerwood Market H-E-B,12680 W.LAKE HOUSTON PKWY 8 HOUSTON TX,"12680 W Lake Houston Pkwy, Houston, Texas, 77044",29.922993000000005,-95.19696449999999
159,732,Bulverde and 1604 H-E-B,17238 BULVERDE ROAD SAN ANTONIO TX,"17238 Bulverde Rd, San Antonio, Texas, 78247",29.59506900000001,-98.4175065
160,734,Sherwood & FM 2288 H-E-B,5502 SHERWOOD WAY SAN ANGELO TX,"5502 Sherwood Way, San Angelo, Texas, 76901",31.42864506173988,-100.51064711553593
161,722,Magnolia Market H-E-B,7988 FM 1488 MAGNOLIA TX,"7988 FM-1488, Magnolia, Texas, 77354",30.220990028061912,-95.58506895680833
162,735,Marble Falls H-E-B,1503 FM 1431 MARBLE FALLS TX,"1503 FM-1431, Marble Falls, Texas, 78654",30.581413245686036,-98.2791183710258
163,736,Cross Creek Ranch H-E-B,4950 FM 1463 KATY TX,"4950 FM-1463, Katy, Texas, 77494",29.714541665270126,-95.84621429569857
164,748,H-E-B Market at Gosling,5251 FM 2920 SPRING TX,"5251 FM-2920, Spring, Texas, 77388",30.07400079115585,-95.50146129765152
165,741,Mont Belvieu H-E-B,13401 I-10 EAST MONT BELVIEU TX,"13401 Interstate 10 E, Baytown, Texas, 77523",29.82622952059932,-94.84976381549744
166,746,Jones Crossing H-E-B,11675 FM 2154 COLLEGE STATION TX,"11675 FM-2154 N, College Station, Texas, 77845",30.58488327941458,-96.32609519121858
167,737,The Heights H-E-B,2300 N. SHEPHERD DR. HOUSTON TX,"2300 N Shepherd Dr, Houston, Texas, 77008",29.80717200000001,-95.40960749999999
168,727,Richmond Market H-E-B,23500 CIRCLE OAK PARKWAY RICHMOND TX,"23500 Circle Oak Pkwy, Richmond, Texas, 77469",29.55069900000001,-95.74889399999999
169,738,Bellaire Market H-E-B,5106 BISSONNET BELLAIRE TX,"5106 Bissonnet St, Bellaire, Texas, 77401",29.707577999999998,-95.469039
170,485,83 and Westgate H-E-B,310 N. WESTGATE DRIVE WESLACO TX,"310 N Westgate Dr, Weslaco, Texas, 78596",26.16356666645283,-98.00674783016643
171,497,Mason Rd H-E-B,1621 MASON ROAD KATY TX,"1621 S Mason Rd, Katy, Texas, 77450",29.7568699417162,-95.7513767549778
172,109,Bunker Hill H-E-B,9710 KATY FREEWAY HOUSTON TX,"9710 Katy Fwy, Houston, Texas, 77055",29.787695999999997,-95.5322865
173,229,I 35 and William Cannon H-E-B,6607 SOUTH IH 35 AUSTIN TX,"6607 S Interstate 35, Austin, Texas, 78744",30.188754000000003,-97.7689125
174,291,83 and Lincoln H-E-B,613 S EXPWY 83 HARLINGEN TX,"613 S Expressway 83, Harlingen, Texas, 78550",26.18635318819417,-97.7154612507307
175,99,Vintage Park Market H-E-B,10919 LOUETTA RD HOUSTON TX,"10919 Louetta Rd, Houston, Texas, 77070",29.996651527584042,-95.577435
176,69,Staples and Saratoga H-E-B plus!,5313 SARATOGA CORPUS CHRISTI TX,"5313 Saratoga Blvd, Corpus Christi, Texas, 78413",27.685412999999997,-97.3886445
177,52,Sherwood & Avenue N H-E-B,3301 SHERWOOD WAY SAN ANGELO TX,"3301 Sherwood Way, San Angelo, Texas, 76901",31.444961223902656,-100.48044553482698
178,20,Cypress Market H-E-B,24224 NORTHWEST FREEWAY CYPRESS TX,"24224 Northwest Fwy, Cypress, Texas, 77429",29.953776914502157,-95.67355750890718
179,752,Hudson Oaks H-E-B,100 HUDSON OAKS DR HUDSON OAKS TX,"100 Hudson Oaks Dr, Weatherford, Texas, 76087",32.75286348182237,-97.69919058122196
180,744,Washington Heights H-E-B,3663 WASHINGTON AVE. STE. 100 HOUSTON TX,"3663 Washington Ave, Houston, Texas, 77007",29.768957999999998,-95.396607
181,756,MacGregor Market H-E-B,6055 SOUTH FREEWAY HOUSTON TX,"6055 South Loop E, Houston, Texas, 77087",29.693820455423975,-95.3226653989838
182,404,Bee Caves H-E-B,12400 W HIGHWAY 71 BEE CAVE TX,"12400 W State Hwy 71, Austin, Texas, 78738",30.304052999999996,-97.933491
183,415,Schertz H-E-B plus!,17460 I.H. 35 NORTH SCHERTZ TX,"17460 Interstate 35 N, Schertz, Texas, 78154",29.596733999999998,-98.2786275
184,184,Leopard and Violet H-E-B,11100 LEOPARD CORPUS CHRISTI TX,"11100 Leopard St, Corpus Christi, Texas, 78410",27.845222922394274,-97.58482870553905
185,265,Hwy 183 and Whitestone Blvd H-E-B,170 E WHITESTONE BLVD CEDAR PARK TX,"170 E Whitestone Blvd, Cedar Park, Texas, 78613",30.521451504644954,-97.8281411049395
186,757,Harper's Trace H-E-B,10200 HIGHWAY 242 CONROE TX,"10200 Highway 242, Conroe, Texas, 77385",30.20841467298823,-95.42491148570039
187,480,I10 and Wurzbach H-E-B,9900 WURZBACH SAN ANTONIO TX,"9900 Wurzbach Rd, San Antonio, Texas, 78230",29.532444218910992,-98.56083056238143
188,759,H-E-B Market at Northpark,19529 NORTHPARK DR. KINGWOOD TX,"19529 Northpark Dr, Kingwood, Texas, 77339",30.070451086445697,-95.25128714348783
189,451,Four Points H-E-B,7301 N FM 620 AUSTIN TX,"7301 N FM 620, Austin, Texas, 78726",30.40438755443892,-97.85358417626524
190,224,Bandera and Guilbeau H-E-B,7951 GUILBEAU RD. SAN ANTONIO TX,"7951 Guilbeau Rd, San Antonio, Texas, 78250",29.519104530468635,-98.643438
191,294,Foster Rd H-E-B,6580 F.M. 78 SAN ANTONIO TX,"6580 FM 78, San Antonio, Texas, 78244",29.480664529171506,-98.36006417825656
192,84,Zarzamora and Military H-E-B plus!,6818 SOUTH ZARZAMORA SAN ANTONIO TX,"6818 S Zarzamora St, San Antonio, Texas, 78224",29.359827639188655,-98.5340529896709
193,24,Anderson Mill H-E-B plus!,"11521 NORTH FM620, BUILDING A AUSTIN TX","11521 N FM 620, Austin, Texas, 78726",30.454906559097484,-97.82624066225033
